{
  "test_auc": {
    "mean": 0.997452616392426,
    "std": 0.0009797729450814721
  },
  "test_acc": {
    "mean": 0.9790327928827416,
    "std": 0.003068064503339381
  },
  "test_f1": {
    "mean": 0.9736941916978381,
    "std": 0.0037006506839569694
  },
  "test_prec": {
    "mean": 0.959084824029854,
    "std": 0.009159974549022436
  },
  "test_rec": {
    "mean": 0.9888287170678562,
    "std": 0.0029771593763616732
  }
}